﻿commit_id,commit_date,message,refactoring_class,refactoring_type
ed747837b039f0ae3a04dd7b742617c55c576c01,Tue Jul 25 00:00:00 EDT 2017,Remove recursion from testLeakAfterSessionDispose (#1380) * Remove recursion from testLeakAfterSessionDispose * Raise the leak test timeout ,nonref,nonref
2a6dbb3a210b09ecf0ab038890ab929725ac389e,Mon Jul 24 00:00:00 EDT 2017,[DROOLS-1386] fix delete of a subnetwork tuple from a query node (#1381) ,nonref,nonref
7fcd37f96d4db5a45f94e900fdcd229cf23d8c29,Thu Jun 22 00:00:00 EDT 2017,[DROOLS-1608] move processes related methods from drools to jbpm (#1307) ,ref,Move Method
d28c368f507a1aaaa24fe0cad89b31498139f807,Tue Jun 06 00:00:00 EDT 2017,[DROOLS-1593] anticipate flush of propagation queue when evaluating a rule from a process (#1301) ,nonref,nonref
2923ec0e626a42abf49e41fc1965b9f68f715ef8,Mon Jun 05 00:00:00 EDT 2017,[DROOLS-1604] clone indexing declaration in MvelConstraint (#1302) ,nonref,nonref
f702410978cbb44a37ccc67858aa08770ea1572e,Mon Jun 05 00:00:00 EDT 2017,Switch log messages in KieRepositoryScanner (#1297) ,nonref,nonref
87e5d7c4d48f3ebb5b4eb8b0722fb12d1bc0fcf2,Thu Jun 01 00:00:00 EDT 2017,[DROOLS-1592] remove referencing of left tuple from propagation context (#1296) ,nonref,nonref
a6ba7c30e3ad05bf7e436f33d14d4a0ef74f4bba,Thu Jun 01 00:00:00 EDT 2017,Upgraded to next development version 7.0.1-SNAPSHOT (#1288) ,nonref,nonref
aa7980f1f884a284064c122049a7322c568713a8,Wed May 31 00:00:00 EDT 2017,Upgraded versions for release 7.1.0.Beta2 ,nonref,nonref
5a15a8f7b8b99de1ebce5cc51069db006890e7ca,Tue May 30 00:00:00 EDT 2017,[DROOLS-1379] Add tests for OOPath in queries (#1292) ,nonref,nonref
3e6b86696c4350d7153bd182d729425cf3757c9e,Tue May 30 00:00:00 EDT 2017,[DROOLS-1589] fix creation of peer for ReactiveFromNodeLeftTuple (#1291) ,nonref,nonref
922beb7d00cb80d982ea1ded2f1427a0a8e26601,Mon Oct 24 00:00:00 EDT 2016,DROOLS-1335 added JMX test.,nonref,nonref
583093dd899b7656358b4e1a39c2b32f4ae62f50,Mon Jun 19 00:00:00 EDT 2017,DROOLS-1618: when the function parameter is not available on a sort() call  just use natural order (#1326) ,nonref,nonref
32822e243a237cf26f26830a895035b97ba5a643,Mon Jun 19 00:00:00 EDT 2017,Add input tests + move some tests that are in wrong class (#1324) ,ref,Move Method
5bac2d5a519f6cc196fafcca79a558667eea51e3,Fri May 19 00:00:00 EDT 2017,Remove unsused FilteredPatternLayout (#1271) When upgrading to logback 1.2.0  this class gets broken. No logback-*.xml file (that I was able to find) is referencing it. (cherry picked from commit e40621441b4b6958e6030854a8f348095cef84f2) ,nonref,nonref
e40621441b4b6958e6030854a8f348095cef84f2,Fri May 19 00:00:00 EDT 2017,Remove unsused FilteredPatternLayout (#1271) When upgrading to logback 1.2.0  this class gets broken. No logback-*.xml file (that I was able to find) is referencing it.,nonref,nonref
7f6658a123e900c2c3e5d0e409e18db5a5640984,Tue Apr 18 00:00:00 EDT 2017,Append threads' full stack trace dump in JUnit Listener for test timeout,nonref,nonref
07be68f8b87b23b2ac4d735af545a65682b3a0a4,Tue Apr 18 00:00:00 EDT 2017,[DROOLS-1532] fix removal of a LeftTuple from its FactHandle in case of rule deletion during incremental compilation (cherry picked from commit 960c7801a28ddcc1424bb3ba4e49dbbec612e4e2) ,nonref,nonref
960c7801a28ddcc1424bb3ba4e49dbbec612e4e2,Tue Apr 18 00:00:00 EDT 2017,[DROOLS-1532] fix removal of a LeftTuple from its FactHandle in case of rule deletion during incremental compilation ,nonref,nonref
158407bef41ecf4aa9bf2c80de10ae7700975f2a,Mon Mar 27 00:00:00 EDT 2017,give more time to TimerAndCalendarTest.testHaltAfterSomeTimeThenRestartButNoLongerHolding ,nonref,nonref
9634d6f7f46cd257b35d6e6cbd4c2ca23d11d480,Mon Mar 27 00:00:00 EDT 2017,DROOLS-1463: finishing consolidation work and adding remaining context validations (#75) * DROOLS-1463: finishing error message consolidation * DROOLS-1463: adding the remaining context validations ,nonref,nonref
a30f5344571645af5b1cd288f51f94f226569549,Wed Mar 22 00:00:00 EDT 2017,[RHBPMS-4649] avoid NPE when evaluating a Boolean expression returning null (#1152) (cherry picked from commit c872649c18f6547d1f8b346c46a935d21c9a95b3) ,nonref,nonref
47a05268532412a0f588ad55309b7c29fd6c60bd,Mon May 29 00:00:00 EDT 2017,refactor of type declaration creation and property reactive mask calculation (#1290) ,ref,Encapsulate Field
3dc471d33aaab5d1cb9d503b617829a8d8c81d2f,Wed Mar 22 00:00:00 EDT 2017,[DROOLS-1491] allow a type declaration to extend a Java class (#1156) ,ref,Rename Method
e166c74ee8856726496f1bd370427cc3bfbcee31,Mon Mar 20 00:00:00 EDT 2017,[DROOLS-1489] fix ReactiveFromNode serialization (#1155) ,nonref,nonref
8f872930cf65eb0d1e9ed5fa0965147a9e051e38,Mon Mar 20 00:00:00 EDT 2017,DROOLS-1486: additional fix and test cases (#71) ,nonref,nonref
02b009cd0d8e6e0dda3d1d808d45973c65f94616,Mon Mar 20 00:00:00 EDT 2017,DROOLS-1463: consolidating validation and error reporting  (#69) * Refactoring the DMNValidator interface to allow selection of validation type to perform * DROOLS-1463: improving error messages ,nonref,nonref
3a2f515b356adaf7d37b9319503b5da6d4f13bc9,Mon Mar 13 00:00:00 EDT 2017,renaming organization to kiegroup (#1141) ,ref,Rename Method
1114e9526f56ddff1ad62b3c9547d6ea6ecb60b6,Mon Mar 13 00:00:00 EDT 2017,renaming organization to kiegroup (#62) ,ref,Rename Method
32f8fed74a8b876ee9a8557c8a58a7d3103f50ca,Fri Mar 10 00:00:00 EST 2017,[DROOLS-1470] make Activation.getObjectsDeep method also including accumulated objects (#1138) ,nonref,nonref
cebb0f493f521a8cc734ab009a0a65eff05890ff,Fri Mar 10 00:00:00 EST 2017,Remove redundant property already defined in kie-parent ,nonref,nonref
0af271e30c1795d9479fbee965fe4fb5446f8eb5,Fri Mar 10 00:00:00 EST 2017,Remove redundant property already defined in kie-parent ,nonref,nonref
9334f4f50e9f48599ccd9b24d988d04f765b149b,Wed Mar 08 00:00:00 EST 2017,[DROOLS-1469] fix ExternalSpreadsheetCompiler in OSGi (#1133) ,nonref,nonref
a459081738320245a6cb227f194e1deef8fa5032,Tue Feb 28 00:00:00 EST 2017,DROOLS-1437 Avoid stax-utils dependency by performing manual indentation (#44) Complement droolsjbpm/kie-dmn#37 that was missing to erase the  stax-utils from the dependencyManagement .,nonref,nonref
fa39028c72f46a211f56cc6389a10ca3c3da3d96,Tue Feb 28 00:00:00 EST 2017,[DROOLS-1445] add declarations required by accumulate functions into accumulate node left mask (#1120) ,nonref,nonref
8b5348bc2991c4deec9adfdd9b8bcef3d8a22083,Tue Feb 28 00:00:00 EST 2017,Fixes testPMMLDocument() which passed only accidentally in previous runs (#1109) Test testPMMLDocument() used uninitialized variables from class. In previous runs it passed  only accidentally  because the variables were initialized from previous tests in the class.,nonref,nonref
4c0646df17c130a619752319b6ca708ae273327a,Tue Feb 21 00:00:00 EST 2017,GUVNOR-2829: [Guided Decision Table] No access to bound facts from BRL Condition fragment (#1100) ,nonref,nonref
d61a86f216e4d58ee80c39b5de3b97177476ddb2,Mon Feb 20 00:00:00 EST 2017,DROOLS-1443 implemented hashCode and equals to ensure that caches for resource loading can cache on classloaders that will return the same resources regardless of instance (#1104) ,nonref,nonref
b7e034704bea229a5d75cc71e341943dd466b24b,Fri Feb 17 00:00:00 EST 2017,DROOLS-1434: moving public interfaces to kie-dmn-api module (#41) * DROOLS-1434: moving public interfaces to kie-dmn-api module * DROOLS-1434: add .newContext() to DMNRuntime to allow creation from API ,ref,Move Class
df070474e8fbeef838f9be303d5badd57386b874,Fri Feb 17 00:00:00 EST 2017,[DROOLS-1442] remove no longer used SystemEventListener (#1101) ,nonref,nonref
2978839ad9c9d95ac91e43148c25f9f5323fffe7,Thu Feb 09 00:00:00 EST 2017,[DROOLS-1426] remove CDI extension from drools-compiler (#1091) [DROOLS-1426] remove CDI extension from drools-compiler ,ref,Move Class
797a4a355453ee19d62f009094311f75862e453d,Thu Feb 09 00:00:00 EST 2017,DROOLS-1430 DMN Model nodes to reference origin XML location  also to improve Validation (#31) * Add XML origin location (approx) to each DMN Model node * Validation rule to always reference the original source model object ...especially when the problem is on an attribute (like href or typeref) ,nonref,nonref
959e212de0d6e62ce915903822cecd5ae687e6ce,Thu Feb 09 00:00:00 EST 2017,DROOLS-1244 TimedRuleExectionOption typing mistake (#1089) ,nonref,nonref
b89cdcc19d7bef5c860c71143a37ffc0c4551358,Wed Dec 14 00:00:00 EST 2016,DROOLS-1379: Add tests for NPE in OOPath marshalling ,nonref,nonref
c4669ac96eac6242e421450e43f6176d4cdf1cc7,Tue Dec 13 00:00:00 EST 2016,[RHBPMS-4527] fix build of kjar with resource type suffix in the artifactId (cherry picked from commit 8e28c18db438ce395683b81d500069c715d82b44) ,nonref,nonref
66ef7b36a3bb72f976643a9c5107dcb5c5d19826,Fri Mar 17 00:00:00 EDT 2017,[DROOLS-1484] move SessionPseudoClock to public kie-api (#1153) [DROOLS-1484] move SessionPseudoClock to public kie-api,ref,Move Method
64d808e632fe7926d3c557bd81fe475d91076c12,Wed Dec 07 00:00:00 EST 2016,Minor clarification in the readme. ,nonref,nonref
8094716d5acdafa0fe6f92c0a5b03970cf092e32,Wed Dec 07 00:00:00 EST 2016,Removing support for octal and binary numbers to avoid confusion. ,nonref,nonref
08ae97879a543badf272c6ef8cff0601afd52b56,Wed Dec 07 00:00:00 EST 2016,Remove drools-reteoo leftovers ,nonref,nonref
d762dc27aa11608613cdba1b4d88863b05f915e8,Tue Dec 06 00:00:00 EST 2016,Adding support to relation expressions ,nonref,nonref
45ea666a3266a1f804a633966711c40a8f13ea99,Thu Oct 20 00:00:00 EDT 2016,[6.4.x] DROOLS-1286: Guided Decision Table: Unable to specify field type with Condition BRL fragment (#922) (#972) ,nonref,nonref
9bf95353131d1c8ef1b827e83a8c5e31d28ea80c,Tue Dec 27 00:00:00 EST 2016,Refactoring type implementation to prevent class cast exceptions ,ref,Rename Method
483b6195ba8a69b27e5c66d6e2665be3840fff16,Tue Oct 04 00:00:00 EDT 2016,adding transitive dependency to make enforcer plugin happy ,nonref,nonref
26c21317014966abf61612fc4085666187297cda,Tue Oct 04 00:00:00 EDT 2016,DROOLS-1316 Missing MBean for Classpath KieContainer causes RHQ/JON plug-in failure to display the whole hierarchy (#945) ,nonref,nonref
cfba18976e5e55b3200704dbd975f75476eb9e4a,Tue Oct 04 00:00:00 EDT 2016,[DROOLS-1310] remove expired events with pending activation from the object store when left tuples are retracted (#943) (cherry picked from commit 5e3c8f95aab1b98e27d84d0a1a328592e3b072d6) ,nonref,nonref
602108fa0be778bedd8e812f6b79a95cac55a2d3,Fri Oct 07 00:00:00 EDT 2016,JBPM-4646 - Case management - extended ProcessContext to allow access to case data and assignments (#953) ,nonref,nonref
d4a274917882e66a68f28567e765c26a6168be43,Sun Dec 18 00:00:00 EST 2016,Renaming 'list and()' and 'list or()' functions to 'all()' and 'any()' respectivelly in antecipation for DMN 1.2 ,ref,Rename Class
c2bc365a1093f8c9e93a96b57e5059cd976ce0d3,Fri Nov 25 00:00:00 EST 2016,Refactoring DecisionTable implementation. Fixing bugs. ,ref,Rename Class
5a45d75fedd2552921b29218531697205e5dcca5,Fri Nov 25 00:00:00 EST 2016,Adding support for tracking decision table rule matches ,nonref,nonref
76ea146a992491925eaed2ad36a1e909df60ae72,Tue Oct 25 00:00:00 EDT 2016,[DROOLS-1340] avoid to flush the propagation queue out of the state machine control when performing a query (#980) ,nonref,nonref
273b15b6aed525515a80f6a034bf69688bbf5ae9,Mon Sep 26 00:00:00 EDT 2016,Changed mockito-all to mockito-core  because it's forbidden to use mockito-all in enforcer definition in platform bom. ,nonref,nonref
f82bb1d4869398b281c55b40e6147a3777d08b76,Wed Nov 30 00:00:00 EST 2016,RHBRMS-2705 (RHBRMS-2696  6.5.x) (GUVNOR-2745  master): [Guided Rule Template] RTE when generating Template for Pattern with multiple non-template constraints (#1008) (#1015) (cherry picked from commit a01a43e55cb9b22b54554ce1a7ceab39e29e66aa),nonref,nonref
a1faf3a336063c1d21de55f92c21b432160b5157,Mon Nov 28 00:00:00 EST 2016,Refactoring FEELEventListenersManager.notifyListeners() . (#19) ,ref,Rename Method
3d1eea51a091874349c07c7f8daa06500c3ddc24,Thu Oct 06 00:00:00 EDT 2016,XStream marshall startNode/endNode (#2) .. XML unmarsh/marsh NEW test ignored as not everything is fully working yet. ,nonref,nonref
3165cce4d5290ba0e2f63f03859ac5407ec0814d,Wed Sep 21 00:00:00 EDT 2016,[DROOLS-1276] make KieContainer.newKieSession((String) null) to return the default KieSession (#929) ,nonref,nonref
a6be4502d132f8acc8790d9be47599e4fbb416e9,Wed Nov 16 00:00:00 EST 2016,Fixing compilation error due to moving the getRuntime() method to the public interface. ,nonref,nonref
df049e2ee8e2e50cffa6b32fd8218c2291af67a0,Thu Sep 15 00:00:00 EDT 2016,[DROOLS-1292] make initialization of inner declarations inside accumulate node thread-safe (#924) (cherry picked from commit 29d5f1fd4fd676a8537a8066d213ad959fe7b157) ,nonref,nonref
d9f224f358b19c00937444ac9db9ae6d435b8941,Wed Sep 14 00:00:00 EDT 2016,Make MavenEmbedderTest more isolated by using empty maven settings (#920) (cherry picked from commit 096df6dcf38b10763aea8217c510aa5f508e81c4) ,nonref,nonref
893e7fa9ecc77eadd5cd0147632b3f219ba3e1cf,Tue Nov 15 00:00:00 EST 2016,Refactor DTI to HitPolicy and progress hit policy implementation. (#12) * Refactor DTI to HitPolicy and progress hit policy implementation. * progress outputClause. Conflicts: kie-dmn-core/src/main/java/org/kie/dmn/core/compiler/DMNCompilerImpl.java * progressing HitPolicies support. ( while flying to Devoxx :) ) * Drafted missing hitpolicies - (not refactored yet). * Minor fix and test coverage. * Refactoring DT Collect hit policies. ,ref,Rename Method
12283bcf5f6ef5e3a571d5077620ad3e7f32c839,Tue Nov 15 00:00:00 EST 2016,[DROOLS-1360] avoid infinite loop when updating a fact inside a shared subnetwork (#1006) (cherry picked from commit bab03822f78f14d3e10b379f20f8ee477c9abb25) ,nonref,nonref
d927084b4cd1cf68b35aa907c462c3e8e2f96722,Wed Sep 28 00:00:00 EDT 2016,[DROOLS-1308] make drl marshaller to wrap from patterns in parenthesis (#939) ,nonref,nonref
17e77ce6ca9f2044513a33e0a7dc1e0ec367e66f,Wed Sep 28 00:00:00 EDT 2016,[DROOLS-1282] preserve KieModuleModel configuration properties during incremental compilation (#915) (cherry picked from commit 931eb385d9fee5dd7801cef4f320304e73344aac) Conflicts: drools-compiler/src/main/java/org/drools/compiler/kie/builder/impl/KieContainerImpl.java ,ref,Extract Method
f7ab4ee3c88d767a8cbb372c2db1afa84b20a51d,Tue Sep 13 00:00:00 EDT 2016,GUVNOR-2644: Guided Rule Template: Generates incorrect DRL when template data has intentionally missing values (#917) ,nonref,nonref
b1331f0e0caac21cbf6ed52e6cea1dd13f439b5b,Tue Sep 13 00:00:00 EDT 2016,[DROOLS-1282] preserve KieModuleModel configuration properties during incremental compilation (#915) (cherry picked from commit 931eb385d9fee5dd7801cef4f320304e73344aac) ,ref,Extract Method
129d87ce9af70e52b4d5951eccc90206c52f3295,Mon Sep 05 00:00:00 EDT 2016,[DROOLS-1275] allow to specify the set of properties that have been modified by an update (#901) ,nonref,nonref
c82dc90de1f6881a77af21d1d0c038db227c9439,Mon Sep 05 00:00:00 EDT 2016,DROOLS-1237 force a cast to make Java 6 compatibility. (#900) ,nonref,nonref
b74edef97f3d337f3e936f1ea5a30efb0cda0e19,Mon Jun 12 00:00:00 EDT 2017,remove useless parameter sort in RuleTerminalNode (#1317) ,ref,Remove Parameter
21b2d5b087a7bb78c6828aeb9dd8fd7f0453474a,Thu Aug 25 00:00:00 EDT 2016,[RHBRMS-2542] allow KieModuleMetaInfo to be unmarshalled under OSGi ,nonref,nonref
0036f0a9f72e6630df387b40d0a645f7bfd03fde,Thu Aug 25 00:00:00 EDT 2016,[DROOLS-1247] fix immediate propagation (cherry picked from commit 53d6af061a41f5900cfafed28d8c807749519be2) ,nonref,nonref
b274c62d077b0651fe945b1075640af2a085c5c8,Mon Aug 22 00:00:00 EDT 2016,"DROOLS-1235 MBean naming rework (#866) * Fixing kie-container monitoring * DROOLS-1235 MBean naming rework * give KieContainer an optional user defined name * KieContainer MBean and various refactorings. * jargon: containerId  * jargon: configuredReleaseId  resolvedReleaseId * unit testing * assuming the containerId can be ""recycled"" on dispose. * introducing test for KieServices API with containerId. * fixing other tests. * avoid using lock and leverage ConcurrentMap without java8 * fixing objectname conventions. ",ref,Extract Method
6aeeff84b23fc410b2b8ed9b14eaf7a44c7b8323,Mon Aug 22 00:00:00 EDT 2016,Rest support for fire until halt (#875) * Rest Marshalling support for Fire until Halt command This enables invocation of the fireuntilhalt command on remote kie-server. * fixed the formatting fixed the formatting to reduce whitespace differences * Fixed the formatting ,nonref,nonref
c4489be7b3c29b4685f834f6eec6b01a847c9cc1,Sun Oct 02 00:00:00 EDT 2016,Refactoring to split the model  compiler and runtime into different classes/interfaces ,ref,Move Class
aae257397d9068094c05ea365f1f9be0899bbff3,Fri Aug 19 00:00:00 EDT 2016,Additional cases: equality of lists and maps ,nonref,nonref
30c0ce6c843100a2fa4cfa1cfc35f39e5a8a4522,Thu Aug 18 00:00:00 EDT 2016,All built in FEEL functions done ,nonref,nonref
3dcd49f2dfabbabdd35819b5f85645f8a705a981,Thu Sep 15 00:00:00 EDT 2016,[DROOLS-1287] take count of added/removed packages in KieBaseModel during incremental compilation (#921) ,ref,Extract Method
fb1881868f007962484079d28111353d7a9acd89,Thu Sep 22 00:00:00 EDT 2016,[DROOLS-1297] avoid checking available PermGen space under GAE (#927) (cherry picked from commit c12b7454cb1464f90979ccadedcd39685d913356) ,nonref,nonref
b08c1cc6f21f4897afedf1a20a2e8d959d249037,Thu Sep 22 00:00:00 EDT 2016,avoid redundant dirty node settings ,nonref,nonref
3c524006f4608cae547b85d80e3a0f8f3d3fe0af,Wed Sep 21 00:00:00 EDT 2016,RHBRMS-2573: Guided Rule Template: Generates incorrect DRL when template data has intentionally missing values (cloned from GUVNOR-2644 for 6.4.x) (#930) (cherry picked from commit f7ab4ee3c88d767a8cbb372c2db1afa84b20a51d),nonref,nonref
2f1cfffed157337170268886416a2e38debe407c,Thu Nov 03 00:00:00 EDT 2016,DROOLS-1302 Adapting DefaultBeanClassBuilder to new AbstractReactiveObject (#996) [DROOLS-1302] normalize multiple reactive changes on the same object,ref,Extract Class
2eb48750fe93187b07a3ffcbdc2aeb6e5d7a85e7,Fri Sep 30 00:00:00 EDT 2016,[RHBRMS-2624] distinguish between right and left staged tuples (#941) ,nonref,nonref
bedf7d7490d9f21c940e3bb97ce8d7c72c2d913d,Tue Sep 27 00:00:00 EDT 2016,Merging the additional tests from @baldimir . Refactoring code to introduce an actual Range interface and implementation. ,ref,Rename Class
bbc6cef9e572323795bb5228aff94d3575836c91,Mon Sep 26 00:00:00 EDT 2016,Added some date and time test cases. ,nonref,nonref
29139cf4fcc11ad4ede950eb19613f95344aebdc,Mon Sep 26 00:00:00 EDT 2016,Added some strings test cases. ,nonref,nonref
9fd2ad0dcef6d62db8b2197b00073889e6cd0ed0,Mon Sep 26 00:00:00 EDT 2016,Added some numbers tests + range equality test. ,nonref,nonref
51c13f87900558dd404fe8629f3cf6cabea5b131,Fri Sep 23 00:00:00 EDT 2016,DROOLS-1302 OOPath ReactiveList remove cases (#932) * DROOLS-1302 OOPath ReactiveList remove cases Basic remove case now covered. * Extended remove case coverage. ,nonref,nonref
837dba3a97e91bf221329c4fabb310e2ea857310,Mon Aug 22 00:00:00 EDT 2016,Refactoring functions to use @ParameterName annotation. Implementing date arithmetics. Fixing bugs. Improving function invocation code. ,ref,Extract Method
f28947fd36edd57987edf7c3cdeb51c3158bae4e,Wed Nov 16 00:00:00 EST 2016,Fixing NPE. Changing tests to use the public interface of the getRuntime() method. ,nonref,nonref
9a976d5b0d32836083fe6619b2e42a072d2cd2d9,Tue Dec 06 00:00:00 EST 2016,[DROOLS-1353] define ExecutableRunner interface (#1022) ,nonref,nonref
e97681cff58c8c1c77a0358a67b1d35bed04159d,Mon Dec 05 00:00:00 EST 2016,Adding support for function definition and function invocation ,nonref,nonref
321a4306fa64a51cd39e9d550829f2c06484ece3,Tue Apr 18 00:00:00 EDT 2017,DMN Validator tests part 1 (#1190) * Add AuthorityRequirement validations Add requiredDecision a requiredInput validation according to the spec. * Add Association validation rules + reorganization of rules - 2 new validation rules added for Association - Changed DMNModelInstrumentedBase.getParentDRGElement() method   so Artifact instances can be get as parents - Reorganization of validation rules * Add KnowledgeSource validation rule + AuthorityRequirement rules polish * Add InformationRequirement validation rules * Move AuthorityRequirement tests to separate package * Add KnowledgeRequirement validation rule and test * Move Decision and DMNElementReference tests to separate package * Add DMNElementReference validation rule - validate reference existence * Add BusinessContext and Decision validation rules and tests * Move InputData tests to separate package * Move BusinessKnowledgeModel tests to separate package * Move typeRef tests to separate package * Move Context tests to separate package * Cleanup after merge. * Cleanup after merge. * Fixes from PR reviews * Change line separator to a separator not dependant on OS in messages (cherry picked from commit c7c3d6623ff2a5d0a56e583afdf27f37afe97f50) ,ref,Extract Method
ef7b9b1fc6af2fcb16b2fac56cd710626189742e,Fri Dec 16 00:00:00 EST 2016,Fixing bugs and test cases ,nonref,nonref
b26cd1a66cdf0c098c4423114e1e6f4ba2661211,Wed Dec 14 00:00:00 EST 2016,[RHBRMS-2462] allow to insert nulls inside the red-black tree index (#1037) ,nonref,nonref
667aa87ba47cb59ad836ddde29d8caa382d25104,Sun Dec 18 00:00:00 EST 2016,Minor fix in the model ,nonref,nonref
2ed16831bace97f41c30f8dfc395c1a9ef8f30e6,Fri Nov 04 00:00:00 EDT 2016,Progress 20161104: basic DT inputValues support. ConcreteDTFunction renamed DTInvokerFunction to align with specs jargon DecisionRule renamed DTDecisionRule to avoid namespace conflicts At the DMN level test ignored with assert reminder for DMNMessage At feel level basic support for DT inputValues. TBD: refactor to more abstract level interface and support hitpolicies ,ref,Rename Class
b8b0e6c3a0eb08329385a6f92bfd01b782fa622d,Fri Jun 30 00:00:00 EDT 2017,[DROOLS-1377] remove reteoo implementation (#1341) ,ref,Move Class
67acdc796e1003968ac121f890ed16597331bb72,Tue Mar 28 00:00:00 EDT 2017,[DROOLS-1379] Oopath test persistence jpa (#1158) * Cleanup * Remove usage of deprecated APIs * Make local variables final * Remove empty catch blocks * Remove other various warnings * JpaPersistenceStatefulSessionTest Cleanup * Remove usage of deprecated APIs * Make local variables final * Remove empty catch blocks * Remove other various warnings * [DROOLS-1379] Merge OOPath tests for jpa persistence into existing test case Create OOPath tests for JPA persistence. To be exact: merge OOPath test into JpaPersistentStatefulSessionTest as OOPath tests were already added as a separate test case as a reproducer for [DROOLS-1489] * [DROOLS-1379] Use AssertJ assertions * Replace manual insert of int range to KieSession by streams * Fix missing space ,ref,Extract Method
286e18a27d8e19c60a1a24022e31da9800aa49e0,Mon Feb 13 00:00:00 EST 2017,Fix ErraiApp.properties file following migration of QName (#38) Complement commit 7262295 in migration from custom QName to JRE's javax.xml.namespace.QName and misc  by removing the no longer existing class.,nonref,nonref
506b6334f7968dcf40f6794e039e05cc628d7d3a,Wed Feb 01 00:00:00 EST 2017,Kie DMN Validation module (#27) * Validation seed * Refactoring XML validation into Validator * DMN Invocation validation rules * Add Context  Relation validation rules * Add DecisionTable validation rules * Add more Element Reference validation rules * Refactoring * Additional refactoring into function * Add typeRef not a valid built-in FEEL type * Add rule for not-FEEL   not- itemDefinition defined * Refactoring module and keeping it off the reactor build * Refactoring to avoid Problem API potential pitfall in usage * Using KieContainer.newStatelessSession() directly * Rename as validateSchema() and validateModel() * Renaming with DMN prefix: DMNValidator  DMNValidatorImpl * Validation Factory and renaming as ValidationMsg * Clean-up. * Add missing license headers * clean-up * Add kie-dmn-validation to reactor build of parent kie-dmn ,ref,Rename Method
8098b5b57854cfa581a999c7aa687181c5925875,Mon Mar 06 00:00:00 EST 2017,Regression tests migration 02 (#1116) Framework for various KieSession configurations,nonref,nonref
805848c0ba0ca8d5cca45f1131a58faf53866c29,Mon Mar 06 00:00:00 EST 2017,Remove GWT and Errai module files (#55) ,nonref,nonref
38b68002a9cff5aeada9420cf87362a7b1213900,Wed Mar 15 00:00:00 EDT 2017,[RHBRMS-2758] fix multiple bugs on parallel engine (#1151) ,nonref,nonref
a71678213f0720091da51df61baa0dcec3cc71c6,Thu Mar 30 00:00:00 EDT 2017,[RHBRMS-2769] fix missing firing of an expired event in self-join (#1181) ,nonref,nonref
a7b121bb68b0578cceab84c9c474bd0c8d4e19ce,Fri Jun 30 00:00:00 EDT 2017,"DROOLS-1630 DMN support during incremental KieContainer upgrade (#1336) * DROOLS-1630 DMN support during incremental KieContainer upgrade * Add DMN support for cloned KiePackage For the use-case where the KieRepository contains a cached copy of the built KiePackages  rebuild the DMNModel from its DMN xml representation from the DMNModel.Definitions * Update test parameters. * Avoid problem with Woodstox trying to insert trailing newline before EOF * Additional create/dispose/upgrade tests. * Fix DMNModel serialization  add serialization format header for future.. .. marshalling/serialization formats. * Rename ResourceTypePackage method to ""removeResource()"" ",ref,Extract Method
c7c3d6623ff2a5d0a56e583afdf27f37afe97f50,Thu Apr 13 00:00:00 EDT 2017,DMN Validator tests part 1 (#1190) * Add AuthorityRequirement validations Add requiredDecision a requiredInput validation according to the spec. * Add Association validation rules + reorganization of rules - 2 new validation rules added for Association - Changed DMNModelInstrumentedBase.getParentDRGElement() method   so Artifact instances can be get as parents - Reorganization of validation rules * Add KnowledgeSource validation rule + AuthorityRequirement rules polish * Add InformationRequirement validation rules * Move AuthorityRequirement tests to separate package * Add KnowledgeRequirement validation rule and test * Move Decision and DMNElementReference tests to separate package * Add DMNElementReference validation rule - validate reference existence * Add BusinessContext and Decision validation rules and tests * Move InputData tests to separate package * Move BusinessKnowledgeModel tests to separate package * Move typeRef tests to separate package * Move Context tests to separate package * Cleanup after merge. * Cleanup after merge. * Fixes from PR reviews * Change line separator to a separator not dependant on OS in messages ,ref,Move Method
913ed2e8a1425c35ba41729b9dd88bb4f622cfeb,Sat Apr 15 00:00:00 EDT 2017,DROOLS-1528 : Complements support for FEEL Parser isDynamicResolution (#1208) * Demonstrate isDynamicResolution limitation * Resolve isDynamicResolution limitation for variable name tokens check * Solution 2 to resolve isDynamicResolution limitation for variable name tokens check ,nonref,nonref