﻿commit_id,commit_date,message,refactoring_class,refactoring_type
5c91767f1898a202efc208eff0cea08c40044983,Wed Jul 26 00:00:00 EDT 2017,ISPN-8106 Remove unused imports ,nonref,nonref
d058626095a42b78aaa5d1c1e4eda986cbe256e8,Mon Jul 24 00:00:00 EDT 2017,Disable SiteConsumer/ProviderTopologyChangeTests * The tests are unstable and they are tracked by ISPN-6228 ,nonref,nonref
e086d3e213ea0a48f80a2fd080df5ab9d929af1a,Fri Jul 21 00:00:00 EDT 2017,ISPN-7752 Using the good encoder/wrapper for keys in the QueryInterceptor ,nonref,nonref
c1d39cb72d641dfa6f34eddf73b9e27a10f32cd6,Fri Jul 21 00:00:00 EDT 2017,ISPN-7752 merge method ConcurrentMap methods implemented in the infinispan way with functional commands. Merge is distributed now. * Works with locked streams * Passes correctly the metadata object to the entry * Merge does not support Scattered Caches ,ref,Extract Method
bf682589bc229bfc3fba8e7e45ed2272b1272986,Wed Jul 19 00:00:00 EDT 2017,Changed hamcrest-core scope to test Hamcrest should only be used in tests,nonref,nonref
d5c7a544db2b60e929d7f4a3f17f9ac831bbd604,Wed Jul 19 00:00:00 EDT 2017,Disable failing query tests ,nonref,nonref
4598047913f4834b78377376ed5817efd3c6aa38,Mon Jul 17 00:00:00 EDT 2017,Restore pom.xml comments killed by the release script ,nonref,nonref
c1a6cdce41ad33f30ba6ede3a81d387572e5070f,Fri Jul 14 00:00:00 EDT 2017,Infinispan 9.1 Codename: Bastille ,nonref,nonref
fc0699078cc2f2c583806954e1e1adf825f22a6a,Fri Jul 14 00:00:00 EDT 2017,ISPN-7827 Additional Documentation for Cluster Executor * Fixed indention level ,nonref,nonref
5a2af72c3abd88ddb1e51ff4095bb350c524b0ff,Fri Jul 14 00:00:00 EDT 2017,Release Script: update versions for 8.1.9.Final' ,nonref,nonref
de350caa63b4e3fab5d22075bca972c88e02d04a,Fri Jul 14 00:00:00 EDT 2017,ISPN-8061 Update the licenses.xml to the new Hibernate Search version 5.8.0.Beta4 ,nonref,nonref
2e15dc151d42b2602db06e3b7bdf16ed3b700330,Fri Jul 14 00:00:00 EDT 2017,ISPN-8061 Update the Embedded Query Integration Tests ,nonref,nonref
2603dd77766d3f28651f1461703eb8e9f7577999,Fri Jul 14 00:00:00 EDT 2017,ISPN-8061 Replace getIndexedTypes().contains() with getIndexBindings().containsKey() ,ref,Rename Method
5dad23165f5dd8f57e18f88884d9cf13de3c76c4,Fri Jul 14 00:00:00 EDT 2017,ISPN-8061 Avoid using deprecated SearchIntegrator.getIndexedTypes() ,nonref,nonref
e913be61e7ee9a1a8aaa2c26df403cb5a595cf34,Wed Jul 12 00:00:00 EDT 2017,ISPN-7998 Multi-key write commands don't work with union CHs The distribution interceptors assume all segments have CH.getNumOwners() owners  but in a union CH that's not true. ,nonref,nonref
ac25f437a7623da79c40fabd2732c650dd095bc0,Wed Jul 12 00:00:00 EDT 2017,ISPN-7599 Jolokia support for Windows ,nonref,nonref
a0bd656a99d71220530809ef011b63ba54520e39,Wed Jul 05 00:00:00 EDT 2017,HHH-10807 - Moved isActive from Transaction to TransactionImplementor. ,ref,Move Method
effdc64120517963fb2098a3d9ec8b1cd82decb7,Wed Jul 05 00:00:00 EDT 2017,HHH-10807 - Added isActive to Transaction and moved logic to TransactionDriver. ,ref ,Move Method
c17eb85e5132c41b3f47b56aa85a11aba333143a,Wed Jul 05 00:00:00 EDT 2017,HHH-10864 - Allow ORM to be built with Java 9 ,nonref,nonref
aa44e2dda1ee358a3bf8ffe008e67373222c71a3,Wed Jul 05 00:00:00 EDT 2017,Change hibernate.properties to take configurable environment settings ,nonref,nonref
8b1b5bf02220c6031a524a83f19d48b843e2e46f,Wed Jul 05 00:00:00 EDT 2017,HHH-10546 InfinispanRegionFactory should stop any caches it starts ,nonref,nonref
0dc94d81f9029825f12ae767b5527c98a75c2e0d,Wed Jul 05 00:00:00 EDT 2017,HHH-10057 hibernate-infinispan incompatible with Infinispan 8.0.0.CR1 * ISPN-5609 changed InvalidateCommand constructors: used reflection to work around that; now should work with 8.0.0.CR1 * renamed BeginInvalidationCommand.getLockOwner to getSessionTransactionId() to prevent further conflicts * added commands tests ,ref,Rename Method
7711a0d07cd3250ec3b7ae564404128c5bce342f,Wed Jul 05 00:00:00 EDT 2017,HHH-10023 Make hibernate-infinispan compiled with Infinispan 7.x but runnable with Infinispan 8.x * workaround for ISPN-5676 * fix for ClassCastException in ClusteredTimestampsRegionImpl * minor fixes in the testsuite ,nonref,nonref
9223d44baff9f9255dd22f24040051244f26eec2,Wed Jul 05 00:00:00 EDT 2017,HHH-9868 Infinispan 2LC can store stale data * invalidation blocks putFromLoads until the transaction with invalidation   is committed * rewritten the naked puts support: timestamp is stored in the pendingPutMap   and removal of the record relies on pending puts' idle expiration or   piggy-backs on release from putFromLoad ,nonref,nonref
d48e161b087d5e1b7b5d048129ce70144b85a22a,Wed Jul 05 00:00:00 EDT 2017,HHH-9988 Separate transaction manager used for Hibernate and caches ,nonref,nonref
2d1daf5c16bc5fa960686816d5740b3c53c9baf0,Wed Jul 05 00:00:00 EDT 2017,HHH-10023 Make hibernate-infinispan compiled with Infinispan 7.x but runnable with Infinispan 8.x ,nonref,nonref
1084793bc40945253319da7583793ec01f4d8b19,Wed Jul 05 00:00:00 EDT 2017,HHH-9999 Fix use of deprecated API This fixes compatibility with Infinispan 8.0 ,nonref,nonref
64e5e3c5a632b95bf17d697bc92bd93a36cb2ead,Wed Jul 05 00:00:00 EDT 2017,HHH-7898 Regression on org.hibernate.cache.infinispan.query.QueryResultsRegionImpl.put(Object  Object) * Moved query cache update to second phase of transaction commit * Query caches are now recommended to be non-transactional (transactional ones will be slower) ,ref,Extract Method
f344f844d2a27c1a82529ae790c9b14e0f0ddb03,Wed Jul 05 00:00:00 EDT 2017,HHH-9977 Consider options for passing Session to caching SPI calls * Passing SessionImplementor to all the calls executed in transactional context ,nonref,nonref
add9961d384da61efbf1b0d1063ddca35c699948,Wed Jul 05 00:00:00 EDT 2017,HHH-9840 Allow 2nd level cache implementations to customize the various key implementations ,nonref,nonref
878c028d5610c6af11665d1f3f02849b1e9438e8,Wed Jul 05 00:00:00 EDT 2017,HHH-9874 Do not leak the configuration resource stream ,nonref,nonref
2079439f771c45c2d52549b0ebcbbbcb7e4c397f,Wed Jul 05 00:00:00 EDT 2017,HHH-9874 Perform Infinispan configuration parsing using the classloader of the cache integration module ,nonref,nonref
adda8100587a805d983e9d10390ac676256e7006,Wed Jul 05 00:00:00 EDT 2017,HHH-9874 Improve resource lookup for the Infinispan configuration resources ,nonref,nonref
3b6c41ca0e214df924133176a74ab1f813efafde,Wed Jul 05 00:00:00 EDT 2017,HHH-9695 - Fix merge conflicts and checkStyle failure ,nonref,nonref
a07a2e3c8951adac7101aff31051a16347c7af0e,Wed Jul 05 00:00:00 EDT 2017,HHH-7238 Remove unneeded cache listeners ,nonref,nonref
226beff81954a021c189981be1d689677f9ad595,Wed Jul 05 00:00:00 EDT 2017,HHH-7179 QueryResultsRegionImpl needs the @Listener annotation (otherwise org.jboss.as.test.integration.jpa.secondlevelcache.JPA2LCTestCase will fail) ,nonref,nonref
6a16639d890e65a575fe2d0a4dfe727b354324c8,Wed Jul 05 00:00:00 EDT 2017,HHH-7179 Complete support for Natural Id caching for Infinispan ,nonref,nonref
d04bdfab7564f23a0e5cdf006cf286d4311882f7,Wed Jul 05 00:00:00 EDT 2017,HHH-7179 impl natural id region in hibernate-infinispan ,nonref,nonref
5f4e2c57d7f827f7290525890ee51e0f62ab1e98,Wed Jul 05 00:00:00 EDT 2017,HHH-7204 Clear only regions created by the given region factory Upgraded to Infinispan 5.1.3.FINAL too. ,nonref,nonref
b31a59b46fab9acab634f1cd929d95e4ff0d89a9,Wed Jul 05 00:00:00 EDT 2017,HHH-7197 reimport imports ,nonref,nonref
d6d23c2dd09353bc68a6f1dcb1337d7899cf34b3,Wed Jul 05 00:00:00 EDT 2017,HHH-7176 Upgrade to Infinispan 5.1.2.FINAL ,nonref,nonref
ddcbdb3ba9b2f5e9504f8e3e8d3b763b89b7768e,Thu Jun 29 00:00:00 EDT 2017,ISPN-7803 Don't create the DistributionManager in local caches Fixes NullPointerException when the cache is local and trace logging is enabled. ,nonref,nonref
64efdfb5ecc6cb55e52a840a7ef128d9fa059334,Thu Jun 29 00:00:00 EDT 2017,ISPN-7999 NPE in ScatteredCrashInSequenceTest ,nonref,nonref
ee2d0357c99b0a73cd4a05b5395d5b24ba2541ce,Thu Jun 29 00:00:00 EDT 2017,ISPN-7847 Move MergeOnStore to o.i.container (non-public package) ,ref,Move Class
5fb36d7e07cabab89396b932a92d051a16038982,Tue Jun 27 00:00:00 EDT 2017,ISPN-7987 Object-filter in missing from javadocs ,nonref,nonref
7453ebbb8e1a7452acaa419504bbd3a18e8abe3c,Tue Jun 27 00:00:00 EDT 2017,ISPN-6645 Scattered cache Design doc in org/infinispan/scattered/package-info.java ,nonref,nonref
598b740d7ed0c683dce3f86b3b1b7210e6d57455,Tue Jun 27 00:00:00 EDT 2017,ISPN-6645 Improvements in StateSequencer and InvocationMatcher ,nonref,nonref
ecbe0f5e3588530ac856dd02961d607cff3ee40b,Tue Jun 20 00:00:00 EDT 2017,ISPN-7946 Create test ensuring protobuf metadata cache is started ,nonref,nonref
c8ddb5b85c2c0cd7f20f9c4b585752d232a98c91,Tue Jun 20 00:00:00 EDT 2017,ISPN-7753 compute  computeIfPresent and computeIfAbsent Removing the encoder's check of null. This is handled in the mappers. ,nonref,nonref
50490fb9abba8b51fc816714bebc8e1ec3d109c9,Tue Jun 20 00:00:00 EDT 2017,ISPN-5728 Implement all the default methods in Java 8's Map interface * Added additional javadoc clarification * Added lock stream support for compute* methods ,ref,Extract Method
a22e3d4dbd5cf12be5ca0e92c7a668f4d668b2bf,Fri Jun 16 00:00:00 EDT 2017,ISPN-7918 Move Functional API to core * Move org.infinispan.commons.api.functional to org.infinispan.functional * Move org.infinispan.commons.marshall.MarshallableFunctions (+ externalizers) to org.infinispan.marshall.core ** While MarshallableFunctions are not tagged with @Experimental all  all the methods reference experimental API * Replace usages of Status with ComponentStatus ,ref,Move Class
47b04a7759a483bcc44157e0482e9d43ba0bc1d3,Fri Jun 16 00:00:00 EDT 2017,[JBEAP-10583] : Addition of MANUAL eviction strategy. ,nonref,nonref
cb20834333f90c6d8798a55f8ea08da615935066,Wed May 24 00:00:00 EDT 2017,ISPN-6994 Add an AdvancedCache.withSubject(Subject) method for explicit impersonation - Overcomes the need to keep the Subject in a ThreadLocal and avoids the use of PrivilegedActions in user code ,ref,Add Parameter
152ca00c28e17dc6c95cd2e20a3ed35f4b70d4c4,Wed May 24 00:00:00 EDT 2017,Fix closing of <b> tag ,nonref,nonref
0812ddc87f30fe2571021ce2567ad8991ff58bd6,Wed May 24 00:00:00 EDT 2017,fix to close b tag ,nonref,nonref
7272680710565cec74fdaa8250ecde45264dc0b9,Wed May 24 00:00:00 EDT 2017,ISPN-7853 Delay extracting metadata from command ,nonref,nonref
c8c632349a4899d8b6085329288f1615b0c2d33c,Wed May 24 00:00:00 EDT 2017,ISPN-7778 ISPN-7738 Removed RestEASY ,ref,Move Class
8bd3c884bbe91bed9469236fa762980f531972af,Wed May 24 00:00:00 EDT 2017,ISPN-7734 ISPN-7735 Returning proper port in AbstractProtocolServer ,nonref,nonref
0a7c9ab1db244179d249a543ed53eaa732d31bd3,Wed May 24 00:00:00 EDT 2017,ISPN-7734 ISPN-7735 Moved Decoder to NettyChannelInitializer ,ref,Extract Class
8e992ba9343812ba0df69a06ff2517754930a1c7,Wed May 24 00:00:00 EDT 2017,ISPN-7734 ISPN-7735 Moved EPOLL to NettyTransport ,ref,Extract Class
e8725eee92043c8513bad87e52213c909040f558,Tue May 09 00:00:00 EDT 2017,ISPN-7808 Upgrade to mockito-core 2.7.21 * Fix JpaStoreIT failures * Replace usages of deprecated mockito API * Replace any(Class) with any() or isNull() where necessary * Add a Mocks utility class to help when delegation is needed   but Mockito.spy() doesn't work ,ref,Remove Parameter
9f6c1a070a835e963060ed0995ab3c25faca1d68,Tue May 09 00:00:00 EDT 2017,ISPN-7284 Cluster counters ,nonref,nonref
5434b7241eb0611fb1edfe9ad9d4b2135316d476,Fri May 05 00:00:00 EDT 2017,ISPN-7794 Build Infinispan on normal slave group ,nonref,nonref
d8e9fa1278afedd9b1b0a9b6b7666a5990199f3f,Fri May 05 00:00:00 EDT 2017,ISPN-7795 Add milestone to the build ,nonref,nonref
71e99c382c83a1bea8822cc3c36dfbfb658fb300,Fri Apr 28 00:00:00 EDT 2017,ISPN-5021 Nodes that finish the rebalance later can see outdated values * introduces 4-phase rebalance (instead of 2-phase) * unless data is lost  each node knows about some node that can read the   data - retries of reads are possible but never need to wait for anything * replaced uses of UnsuccessfulResponse by reads with UnsureResponse ,nonref,nonref
e18f4f391838c66ed2a5bc493ee12b00a83b49da,Fri Apr 28 00:00:00 EDT 2017,ISPN-5021 Rename CacheTopologyControlCommand.REBALANCE_CONFIRM to REBALANCE_PHASE_CONFIRM (and related stuff) ,ref,Rename Method
a798a683674ee020b300297c3e242b65885fad4e,Fri Apr 28 00:00:00 EDT 2017,ISPN-5021 Rename TestingUtil.waitForRehashToComplete to waitForNoRebalance ,ref,Rename Method
75027c1ea1db8accc533837961ecccc3fb3d4453,Fri Apr 28 00:00:00 EDT 2017,Remove unused imports ,nonref,nonref
daf9dc1b798c0a886765c0888b0e349e8a4ecf26,Fri Apr 28 00:00:00 EDT 2017,ISPN-7598 ExecutorAllCompletionServiceTest leaks threads ,nonref,nonref
6599d5a1b7c9dad226d63a4348a5e19cf46018a9,Fri Apr 28 00:00:00 EDT 2017,ISPN-7598 Functional tests leak CountingCARD threads ,nonref,nonref
398ca346bdb2ca86a465e48e050db18ab3c4aa33,Fri Apr 28 00:00:00 EDT 2017,ISPN-7598 ParallelIterationTest subclasses leak threads ,nonref,nonref
171cf2d6b4486b5ad024c734d69835fc91123fb8,Fri Apr 28 00:00:00 EDT 2017,ISPN-7598 ClusteredSecureCacheTest leaks threads * Proceed with manager stop after an exception in cache stop * Don't stop caches explicitly in TestingUtil.killCacheManagers() ,nonref,nonref
b023ed89eea76984725b69f2380693881c7ce72a,Fri Apr 28 00:00:00 EDT 2017,ISPN-7598 LocalDistributedExecutorTest leaks threads ,nonref,nonref
9f37a2ec16162c9e2daf6185374d11aaa5d0ae70,Fri Apr 28 00:00:00 EDT 2017,ISPN-7691 Correction on ProtocolVersion ,nonref,nonref
c5c173924268e6d0dc9a51aa8dc9a501d28e1fcb,Fri Apr 28 00:00:00 EDT 2017,ISPN-7704 Fixed full path support in AbstractFileLookup ,nonref,nonref
a9478287982fb30676717faf37522cc92ed0b3b9,Thu Apr 20 00:00:00 EDT 2017,ISPN-6776 Remove the listener on the client side when the operation was not executed on the server. This happens when the listener does not exist on the server anymore after a server shutdown ,nonref,nonref
93191fae3f0ca1103b8e0155dd4fe3317e283d0d,Thu Apr 20 00:00:00 EDT 2017,ISPN-7542 Stabilized RESTClientWithSniEncryptionIT ,nonref,nonref
8e49b6e4af885d7d972cea69240826c787045442,Mon Apr 10 00:00:00 EDT 2017,Fixed stress tests pipeline ,nonref,nonref
e4c64d2adf93d18616e1593b9b224fc6b900742f,Fri Apr 07 00:00:00 EDT 2017,Remove unused imports ,nonref,nonref
7bf7ddf0158f4eeac188092a4af70d5c6420291c,Thu Apr 06 00:00:00 EDT 2017,Minor update in cleanup stage,nonref,nonref
c98716bb262047ee59849be5e9b3de7b11249c5d,Thu Apr 06 00:00:00 EDT 2017,Added cleanup before the main job,nonref,nonref
765713ae226852af847747b22f2e911d2aac75c3,Wed Apr 05 00:00:00 EDT 2017,Fixed JUnit publisher deadlock ,nonref,nonref
69f08ea5adbef6b4cca8e8a0de7e76a6c58b3e68,Tue Apr 04 00:00:00 EDT 2017,Cleanup step,nonref,nonref
0d5ba72a1d18216947fd92f833be41cf840f6b11,Tue Apr 04 00:00:00 EDT 2017,X-Site tests only for core and flaky test detector,nonref,nonref
1274b9d969e303d300b1fd4cb2eb72637e8fa2fc,Tue Apr 04 00:00:00 EDT 2017,Added X-Site and Stress tests to the build ,nonref,nonref
b37e25ae427459bc8cb54267df854ee3d906e9a7,Thu Mar 30 00:00:00 EDT 2017,Rename FilterParsingResult to IckleParsingResult and FilterExpressionBuilder to ExpressionBuilder ,ref,Rename Class
1dd6d310d8f641a0e7c531cbde7ca210c710df63,Thu Mar 30 00:00:00 EDT 2017,ISPN-7476 False equals should not result in NPE * Context should be able to lookup cache entry even if the key is the   same but equals() misbehaves  e.g. always returns false. ,ref,Extract Method
455ebd2d56627f6ecff05dbae21f3a422d574deb,Thu Mar 30 00:00:00 EDT 2017,ISPN-7517 TRTracker.setThreadTestName stay public * Used by Hibernate 2L cache. ,nonref,nonref
1f6c1abf046b3dd7d616bed119b6ffeedb3b2146,Thu Mar 30 00:00:00 EDT 2017,IPSN-7591 Remove Hibernate in marshallable check ,nonref,nonref
b17e49fb95c4b4e34e88dd603e557e1a1f43cea2,Thu Mar 23 00:00:00 EDT 2017,Move multiple top-level classes in a single RemoteCacheManager.java source file as static inner classes ,ref,Move Class
c2dd7635e591961229ca62ccd784c516b6a8145b,Wed Mar 22 00:00:00 EDT 2017,Release Script: update versions for 9.0.0.CR4' ,nonref,nonref
8cfcf3a0c2ca30a7e7e3815d299253ef8c652756,Wed Mar 22 00:00:00 EDT 2017,ISPN-7586 Rolling Upgrade: use of Remote Store in mode read-only causes data inconsistencies ,ref,Rename Class
b317b7e70de2621fb25806b611126bcaf8793beb,Wed Mar 22 00:00:00 EDT 2017,[ISPN-7535] Cache creation requires specific permissions when using security manager Move Util.getClassLoaders() and ReflectionUtil.invokeAccessibly() to doPrivileged() when security manager is enabled ,ref,Move Method
bfd83a915df807244e2993a2c4ca1b5bf05fb524,Wed Mar 22 00:00:00 EDT 2017,[ISPN-7535] Cache creation requires specific permissions when using security manager Move Util.getClassLoaders() and ReflectionUtil.invokeAccessibly() to doPrivileged() when security manager is enabled ,ref,Move Method
6d92d9a02c85b1f7553042540b828a68a96533b1,Tue Mar 21 00:00:00 EDT 2017,ISPN-7636 Update default HR version and fix HR * Use HR 2.6 as default protocol version * Fix HR decoder to read add listener command correctly ,nonref,nonref
5841ffac39df1ee5ae8b2db34df7234ea8927948,Mon Mar 20 00:00:00 EDT 2017,ISPN-6713 RemoteQueryDslConditionsTest.testIsNullNumericWithProjection1no longer fails with current Lucene version ,nonref,nonref
64de08db70805d7803bbd4c7776393375086fc39,Mon Mar 20 00:00:00 EDT 2017,ISPN-7572 Workaround locking limitations of H2 during testing ,nonref,nonref
be2de4aaf212d4c64e92c40c1ee0815a6640208f,Mon Mar 20 00:00:00 EDT 2017,ISPN-7572 Enhance isolation of the Lucene Directory while allowing access to CacheStores ,ref,Extract Method
c3b95593e3b88e89f6992ea1d19973650e13b79f,Mon Mar 20 00:00:00 EDT 2017,ISPN-7571 Add a declarative JDBC config IT to the wildfly modules ,nonref,nonref
1592ab9cf5a7f3ed04651e541ef24427536e9bc2,Fri Mar 17 00:00:00 EDT 2017,Reduce the number of ignored tests - Fix SecureScriptingTest - Skip subsystem template validation until it supports supplements - Remove unnecessary tests ,nonref,nonref
f2e116fc76d82ad11c6fc83145d436dbab85a8d1,Fri Mar 17 00:00:00 EDT 2017,ISPN-7627 Add test to verify off heap and binary storage work with indexing * Added BINARY and OFF_HEAP indexed tests * Fixed issue with putAll with BINARY and OFF_HEAP ,nonref,nonref
47a5684ea1438ae838fcb881307ac70805976223,Thu Mar 16 00:00:00 EDT 2017,ISPN-7065 Collect clustered memory statistics. ,nonref,nonref
4d54c2fd3d5f4aae17912777f114b13d8f95d767,Thu Mar 16 00:00:00 EDT 2017,ISPN-7614 Disabling a store doesn't stop it * Check that the store is stopped in ClassLoaderManagerDisablingTest * Disable reading from/reading to a stopped DummyInMemoryStore * Make DummyInMemoryStore state private and add accessors ,ref,Extract Method
d42b014bc91a9e86fa5a41ede50fa817587157ff,Wed Mar 15 00:00:00 EDT 2017,ISPN-7611 Rename BackupWriteRcpCommand -> BackupWriteRpcCommand (typo fix) ,ref,Rename Class
d93629127c7001a0e3a2961a76fcb50b68094662,Wed Mar 15 00:00:00 EDT 2017,ISPN-7610 TypeConverterDelegatingAdvancedCache.unboxEntryMap returns empty map ,nonref,nonref
5ef8562065004f7a17508b36adf7da6f29e1e8ef,Wed Mar 15 00:00:00 EDT 2017,ISPN-7619 Calculate timeout based on the data container size ,nonref,nonref
84daa7982767fa4ea242a63a6e7ae258c1d719c8,Mon Mar 13 00:00:00 EDT 2017,ISPN-7593 Actually use the user-specified context path for the REST endpoint ,nonref,nonref
75431f7ee98729f3b67b2c6645b2c739cb8a79f5,Mon Mar 13 00:00:00 EDT 2017,ISPN-7372 Add an equivalent of Hibernate Search SortableField annotation for protobuf schemas ,nonref,nonref
88b737870966a23865fea699fc3111dc9f6be91e,Fri Mar 10 00:00:00 EST 2017,ISPN-7579 Replace the non-threadsafe SimpleDateFormatter with DateTimeFormatter ,nonref,nonref
3a23f26a1cc85f16430802c03de7ba09b0530f8e,Fri Mar 10 00:00:00 EST 2017,ISPN-6677 Removed unnecessary dependencies Modules analyzed: * CDI (embedded and remote) * Spring (embedded and remote) * Core * Tasks (API and implementation) * Server/Router * Commons ,nonref,nonref
ed4ed239487794393d5e56fa7ec580c99fdfd00f,Thu Mar 09 00:00:00 EST 2017,ISPN-7583 ClusterListenerDistInitialStateTest.testPrimaryOwnerGoesDownBeforeSendingEvent random failures ,nonref,nonref
808531154ad20cc3760785933769c1fa22e7f376,Thu Mar 09 00:00:00 EST 2017,ISPN-7540 Calling getCache(String  String) - template overrides cache * Added version for deprecation * Changed internal method name ,ref,Rename Method
4f6497e42473313409451e1ab5748fb70f517f4d,Wed Mar 08 00:00:00 EST 2017,Remove unused imports in infinispan-core ,nonref,nonref
e28b8c25bec291826eb529956d223d097999d70e,Wed Mar 08 00:00:00 EST 2017,ISPN-7530 InfinispanStoreRocksDBIT leaves files in the current directory ,nonref,nonref
1f3ad7b21aa5886bb0bd4d22670c61d447ad798e,Wed Mar 08 00:00:00 EST 2017,ISPN-7557 Suggest OGM as an alternative to the Hot Rod client usage ,nonref,nonref
a302c3eaa077c523d0addb066cfb582a5a50c229,Wed Mar 08 00:00:00 EST 2017,ISPN-7557 Including a quick intro to Hibernate OGM in the Infinispan User Guide ,nonref,nonref
4b5d97eaa17f9b66355a8c30daf62d0d22802ea0,Wed Mar 08 00:00:00 EST 2017,ISPN-7557 Update the FAQ regarding Hibernate integrations ,nonref,nonref
abbfd0d0368d74faa00c123adbd30dc010204410,Wed Mar 08 00:00:00 EST 2017,ISPN-7576 Clean up the Cloud Service chapter nesting ,nonref,nonref
c64dacf8189ad9dc689a8241e137756f099a1f29,Wed Mar 08 00:00:00 EST 2017,ISPN-7574 Upgrade Management Console to 9.0.0.CR3 ,nonref,nonref
3ad9b90298913e6752d83ce2880ff4e1ccbd0fa3,Wed Mar 08 00:00:00 EST 2017,ISPN-5654 Remove DeadlockDetectingLockManager Attempt to stabilize OptimisticLockingTxClusterExtendedStatisticLogicTest ,nonref,Extract Method
e56fd75d57b2d626172a281e7ef1533a59aa4f09,Wed Mar 08 00:00:00 EST 2017,ISPN-4189 Skipping not overriden test methods ,nonref,nonref
1b1071771065cdd37f8bcd3e3f35d778b2a67184,Wed Mar 08 00:00:00 EST 2017,ISPN-7489 Decreased close connection timeouts ,nonref,nonref
342bcd624e8c82b77041ee39ade0357d83e30f46,Wed Mar 08 00:00:00 EST 2017,ISPN-7505 Non-functional read in transaction with modifications returns old value ,nonref,nonref
3a072164b2cdf2ee327d207c8b6c3949f263e352,Wed Feb 22 00:00:00 EST 2017,ISPN-7433 Lower default xmit_interval to 100ms ,nonref,nonref
fa6d7d1395e4c0e35e1d1987c96e1e19a838ea57,Fri Jan 27 00:00:00 EST 2017,ISPN-6802 More micro-optimizations for replicated reads ,ref,Extract Method
f1277a6191a25a01d44d21da1a37c8cc0f547b3c,Fri Jan 27 00:00:00 EST 2017,ISPN-7398 Fix AbstractProtocolServerTest.testStartingWithoutTransport ,nonref,nonref
1c0659f0c31cbd18527f95fc192423f763867af4,Thu Jan 26 00:00:00 EST 2017,ISPN-7381 PutKeyValueCommand fails with 'Timeout after 180 seconds waiting for acks' * the backup was trying to calculate the segment without having the consistent hash. ,nonref,nonref
55e92ff6fc187ec0222f5e696ee85fd038b80bed,Thu Jan 26 00:00:00 EST 2017,ISPN-7397: Replace use of shared SingleFileStore with DummyInMemoryStore. ,nonref,nonref
de5227c2af41765b5651073049dcd9d23fec2d00,Mon Jan 23 00:00:00 EST 2017,ISPN-7350 Provide default index caches if they haven't been configured and print a warning ,ref,Extract Method
0ddc9accfa1367b21970a9cf99ca4d0ae56b5a52,Mon Jan 23 00:00:00 EST 2017,ISPN-7066 Fix all tests which assume that retrieving a non-existent named cache will create it with the default configuration ,nonref,nonref
ded4d69b90d4b1387131974629844a3742466dd4,Mon Jan 23 00:00:00 EST 2017,ISPN-7066 Drop default cache inheritance - Make the default cache just a normal named cache - Make the default-cache attribute on the schema optional ,nonref,nonref
76000b23cf15cc6346e23ab9d27ebb0f031d0c6e,Mon Jan 23 00:00:00 EST 2017,Bump console to 9.0.0.Beta2 ,nonref,nonref
a53a08143c0eb6b9eb98be8d224036941a6c2dc6,Mon Jan 23 00:00:00 EST 2017,ISPN-7378 Elasticsearch tests fail with 'Timed out while waiting for for index' ,nonref,nonref
354c7dc31c3553d5c0969998e5a48265ad2d3bf4,Thu Nov 24 00:00:00 EST 2016,ISPN-7233 Refactor server to avoid huge switches/if-then-else ,nonref,nonref
8a39fc459b0c59851e64e76566355c7ac4fbd98b,Thu Nov 24 00:00:00 EST 2016,ISPN-7232 Release Netty Resources ,nonref,nonref
419ddb92790f434d1e9f3731047875638315fa38,Thu Nov 24 00:00:00 EST 2016,Remove the genjavadoc plugin from the Scala compiler ,nonref,nonref
59f1958ab072ce8ae0a56bdbedcd9c4a12d0683a,Tue Nov 22 00:00:00 EST 2016,ISPN-7170 WriteSkewCheck version can be reset with an entry in store and not in memory * Perform load even if entry in context is created when RR and write * skew ,nonref,nonref
6260d46c3f319281233deb10f05de68fb59cf902,Tue Nov 22 00:00:00 EST 2016,ISPN-7177 Remove Outdated Eviction related classes ,ref,Move Class
34bfdb39ab68201b7d43e6b11887462fcb371b24,Tue Nov 22 00:00:00 EST 2016,ISPN-6998 Replace bounded hash map with alternative ,nonref,nonref
f77a58a0bb56f52e3526d1e2889af1f233cbca0b,Fri Oct 28 00:00:00 EDT 2016,Remove usages of deprecated SearchIntegrator.createHSQuery method ,nonref,nonref
13bd80d7bc48c8b20cb51df61b6c840c51823e9a,Fri Oct 28 00:00:00 EDT 2016,Remove superfluous usages of StringBuilder ,nonref,nonref
895eb236aebfc0ecbb263235271363983a2fa373,Fri Oct 28 00:00:00 EDT 2016,Use Java 8 diamond were needed ,nonref,nonref
b0d58e638fdc19a6048454c33c1d805227c492b0,Fri Oct 28 00:00:00 EDT 2016,Remove some references to JPA in preparation for the new query language (which is not JPA) ,ref,Rename Class
58fa1798518f8d3d1d9893b5ae529fcd6d1110c6,Thu Oct 20 00:00:00 EDT 2016,ISPN-7109 Merge LocalFlagAffectedCommand and FlagAffectedCommand * remove uses of FlagAffectedCommand and then rename LocalFlagAffectedCommand to FlagAffectedCommand * don't implement MetadataAwareCommand where it does not make sense ,ref,Rename Class
f47fe05f0fabc63928ff7e1bfdd9337e2b3415d3,Tue Oct 11 00:00:00 EDT 2016,Replace eventually() with eventuallyEquals() where possible ,nonref,nonref
6741aa6dba67c9f6896ed659e803c5da97f6b5b1,Tue Oct 11 00:00:00 EDT 2016,ISPN-6984 ConcurrentJoinTest random failures Do not assume that entries no longer owned are removed the moment the rebalance is finished. ,nonref,nonref
337fdbde5a7081de566ec1f9aa5c5ba5359d4670,Tue Oct 11 00:00:00 EDT 2016,ISPN-6983 ThreeNodesSplitAndMergeTest random failures Do not assume that the stable topology is updated the moment that the rebalance is finished. ,nonref,nonref
7f991051539e0d0006ef1839c32df3fcfd5c229b,Tue Oct 11 00:00:00 EDT 2016,"ISPN-5424 Replace SemaphoreCompletionService with LimitedExecutor Instead of having an explicit continueInBackground method  the new class allows a task to return a CompletableFuture  keeping the permit unavailable until the CompletableFuture is done. Introduce a ""blocking mode"" for both LimitedExecutor and SemaphoreCompletionService: when they are used with a WithinThreadExecutor  the task is not added to the queue  and instead it is executed on the current thread. This is needed for total order caches  so that topology updates block the total order thread. ",ref,Extract Method
1f79f7d9cfab422985ac36427b0827a93282529e,Thu Oct 06 00:00:00 EDT 2016,ISPN-7031 Added reproducer ,nonref,nonref
e72bd96b4084bb3dfdff1b7ace96cdb6d58880ee,Thu Oct 06 00:00:00 EDT 2016,Documentation - split out the introduction into a dedicated chapter - align some statements about the configuration with the latest status quo - describe how configuration templates work ,nonref,nonref
d9d7460f8dec0ece3e734017fc007d0e0767ddc8,Thu Oct 06 00:00:00 EDT 2016,Generate server schema configuration docs ,nonref,nonref
d1cdbfbcffc735bd08bd062ee0f7737834add930,Thu Oct 06 00:00:00 EDT 2016,Remove unused server schemas ,nonref,nonref
bd1772ba68ac6a6214fa61d187a17f29133a159a,Thu Oct 06 00:00:00 EDT 2016,ISPN-7073 Update XSDoc tool - support complexTypes with choice children - update the Google Analytics tracking code - generate docs only for the latest version of each namespace - output using html format instead of XML to avoid corruption of empty tags ,nonref,nonref
2d15a49567f31f6c73dbb05395a167f0312dd2c3,Thu Oct 06 00:00:00 EDT 2016,"Move the Lucene Directory under the ""Integrations"" section ",nonref,nonref
2e739c4f43caac6eb19e1fa36f365bab82583e7e,Thu Oct 06 00:00:00 EDT 2016,Expose Lucene Directory javadoc ,nonref,nonref
07326f874d7fe73fb203b811f180650990f462f7,Wed Oct 05 00:00:00 EDT 2016,ISPN-6045 Fix transaction aware iterator remove Fixed the problem where TransactionAwareKeyCloseableIterator did not set the previousValue field  which made any calls to remove() throw NPE. Additionally  the iterator now throws IllegalStateException if next() has not been called  or remove() has been already called for the current item as Iterator interface specifies. ,nonref,nonref
1d5e0daddb751c01e709039781a8c16fe52ea4df,Wed Oct 05 00:00:00 EDT 2016,Added reference to CDI from integrations paragraph ,nonref,nonref
c87343e3e697610a30ade7a0dc60f0bdec65f8b5,Wed Oct 05 00:00:00 EDT 2016,Updated CDI documentation ,nonref,nonref
a0b1db64a02108b267a679e84128d6135f1fd99a,Wed Oct 05 00:00:00 EDT 2016,ISPN-7039 Added information about CDI split in the user guide ,nonref,nonref
ff2e7c3222476424e06aaf829249d31e14d8e6b9,Wed Oct 05 00:00:00 EDT 2016,ISPN-6217 Moved javadocs to subdirectory ,nonref,nonref
3a0fb25c01720b8796b57005251c6b422256a89c,Wed Oct 05 00:00:00 EDT 2016,ISPN-6217 Skip deploy for javadocs ,nonref,nonref
b0b8b952a23d1b1d459ebce56afbb32c040c1f81,Tue Jul 26 00:00:00 EDT 2016,ISPN-6858 Refactor endpoint parser to a single class ,ref,Rename Class
d977a6ef12006e3be16c36f8d62cb1b947f3c02c,Tue Jul 26 00:00:00 EDT 2016,ISPN-6887 Named query parameters user guide ,nonref,nonref
cf008bfc3d3dcc954e60059dc62e35c61de29567,Tue Jul 26 00:00:00 EDT 2016,ISPN-6886 Continous query user guide ,nonref,nonref
dd2cde3e95e25cd4903ffb128f361ee70e7d3b3b,Tue Jul 26 00:00:00 EDT 2016,Prefer a List over a Set because we know elements are unique anyway ,nonref,nonref
194af6f5f380c4a8af92b1f9e771c9e50b83ac3a,Tue Jul 26 00:00:00 EDT 2016,IPSN-201: make JDBC cache store use DB transactions for commit/rollback. ,ref,Extract Method
c2dd527f05e279ba169a7003fccc983c473bdec1,Tue Jul 26 00:00:00 EDT 2016,JDBC Stores Refactor - Binary and String based JDBC stores now extend AbstractJDBCStore. ,ref,Extract Method
46cb91be51950e3e9b93f4bb8a3809d520f16a35,Tue Jul 19 00:00:00 EDT 2016,ISPN-6745 Locks are lost in pessimistic cache ,ref,Extract Method
f33827a9a6d4621d5ce00fa2fe3ab696f6ebf576,Fri Jul 08 00:00:00 EDT 2016,ISPN-6732 - XML serializer does not serialize properly async  l1 and site tags ,nonref,nonref
ef2dcb0ad6439ee9b93a082d3060cd5c74238c07,Fri Jul 08 00:00:00 EDT 2016,ISPN-6743: Upsert does not work for MySQL ,nonref,nonref
0a50f1e1590bb06099017ebc424cbcb1eec218ee,Fri Jul 08 00:00:00 EDT 2016,ISPN-6801 TransactionXaAdapter and SynchronizationAdapter are too big Move bulk of synchronization/xa adapters to TransactionTable ,ref,Extract Method
8dfd763f5f04c17b4961147e7b588c8358974f62,Thu Jul 07 00:00:00 EDT 2016,ISPN 6451 NonTxPutIfAbsentDuringLeaveStressTest .testNodeLeavingDuringPutIfAbsent still fails randomly Add workarounds for ISPN-3918 and ISPN-4286 ,nonref,nonref
26dd17c8c081258cacd16fbd284f83baa3050088,Wed Jun 29 00:00:00 EDT 2016,ISPN-6686: add connectionFactory() methods to JdbcStoreConfigurationChildBuilder (so that we can configure generic connection factories on all stores  not just the ones based on AbstractJdbcStoreConfigurationBuilder) ,nonref,nonref
226d9781c320670438911f39b5805d5a3deb39f5,Wed Jun 29 00:00:00 EDT 2016,ISPN-6686: Make LoaderConfigurationChildBuilder extend PersistenceConfigurationChildBuilder so that we can chain e.g. .addStore().table().connectionPool()) ,nonref,nonref
0ec335acd7adc7f2a6cd5df5f21a36a9ea1c2a42,Fri Jun 10 00:00:00 EDT 2016,ISPN-6744 ClusterEvent doesn't implement CacheEntryExpired * Made sure ClusterEvent implements CacheEntryExpired ,nonref,nonref
6132ae8aaf7b98bfae4b0684bbec1f0637a58c53,Thu Jun 09 00:00:00 EDT 2016,ISPN-6744 ClusterEvent doesn't implement CacheEntryExpired * Tweaked test to make sure to catch issue of proper type declaration ,nonref,nonref
40714b82b2bba93a05db4a5ecf69b8300ac77234,Thu Jun 09 00:00:00 EDT 2016,ISPN-6744 ClusterEvent doesn't implement CacheEntryExpired * Made sure ClusterEvent implements CacheEntryExpired ,nonref,nonref
30e688b814f9db4213576c2a8e299e9820b4f00c,Mon Jun 06 00:00:00 EDT 2016,ISPN-6542 Subclasses of AbstractWriteKeyCommand don't marshal the Params params field * cache enum values * replaced externalizer with static methods (cherry picked from commit 9299bfa935ca9c0c3178f323da57de7b83243c42) ,ref,Move Method
c29337af1436a9fe67e5306989d71792dd92a9ae,Mon Jun 06 00:00:00 EDT 2016,ISPN-6542 Subclasses of AbstractWriteKeyCommand don't marshal the Params params field * provide AdvancedExternalizer for Params  and use this in all commands * pass params to all write/read-write functional commands * don't ignore some commands in CacheWriterInterceptor * add Dummy store to functional API tests (cherry picked from commit 0e58f7ee2419390a8c901883425bb6503bbb5b36) ,ref,Add Parameter
9e49397199cbe44ae6a3ed500853342084bf9419,Tue May 31 00:00:00 EDT 2016,Avoid * imports ,nonref,nonref
e4a7a4dc8e714baf0fd4afb3b2648f6183a5a963,Tue May 31 00:00:00 EDT 2016,Remove unused imports ,nonref,nonref
c1e65a2587ef937f014da34d5873c7c26479494f,Tue May 31 00:00:00 EDT 2016,Fix generics in ContinuousQueryImpl ,nonref,nonref
6cda8ba5d93091e57b2858e8b747f289a0ab8e4f,Mon Jun 06 00:00:00 EDT 2016,ISPN-6576 Implement handling of ManyDataCommands in CacheLoaderInterceptor. This includes ReadOnlyManyCommand  ReadWriteManyCommand and ReadWriteManyEntriesCommand. They also need the data be available in the context and retrieved from the cache loader. ,ref,Extract Class
c8d3df07d656993266d926cbb7e886840e2acd0e,Fri Jun 03 00:00:00 EDT 2016,ISPN-6491 Remove total order thread pool ,nonref,nonref
4c249a14922c9ce05e3c8746a4cf1a3e2a7ab77f,Thu Jun 02 00:00:00 EDT 2016,ISPN-6740 Adjust initial topologies in tests ,nonref,nonref
178aa8862c18c7faf26cd5dc5eeab892f21ba7c4,Thu Jun 02 00:00:00 EDT 2016,ISPN-6740 Client topologies not updated with persistent state The HotRod client starts with topology id 0  so we initialize the cache with topology id 1 to force a topology update on the first ping. ,nonref,nonref
25ee0aca9f99096099c184d195fc3af642dfecf6,Thu Jun 02 00:00:00 EDT 2016,ISPN-6739 Include generated META-INF/services in tools.jar ,nonref,nonref
be087640b55b862db3ae80b179836c59656299d5,Thu Jun 02 00:00:00 EDT 2016,ISPN-6749 Disable SiteProviderTopologyChangeTest.testXSiteSTDuringSiteMasterLeave ,nonref,nonref
bf7c726f7ef2d60f55fe0a1d30eaddac8cac256b,Thu May 26 00:00:00 EDT 2016,ISPN-6704 Global security auth enabled required * When a cache has auth enabled  its global configuration also requires   auth being enabled. ,nonref,nonref
5322d63a2af8b9d8f6fd4420bcd967f4b3baed57,Wed May 25 00:00:00 EDT 2016,ISPN-6713 Disable failing test: RemoteQueryDslConditionsTest.testIsNullNumericWithProjection1 ,nonref,nonref
4498b5ede871c67924df456c2faf6bb22c7ec2de,Thu Jun 02 00:00:00 EDT 2016,ISPN-6610 InvocationContextInterceptor: skip thread-local removal when not needed ,nonref,nonref
5d3d55e238dfae5af6fdcee68029aea7ce771273,Thu Jun 02 00:00:00 EDT 2016,ISPN-6610 Stop using forkInvocationSync Interceptors must use onReturn() for things they need to do after command.perform(). While forkInvocationSync() still works  it doesn't allow asynchronous execution. * Fix forkInvocation-related problems in BaseSequentialInvocationContext. * Make BaseSequentialInvocationContext.invokeInterceptors invoke   visitCommand in sequence for all interceptors  to allow inlining. * Move visit notification from CallInterceptor to EntryWrappingInterceptor ,ref,Extract Method
9bd8489bcb7024fbc4854b1affc7c4edc4d6f0a3,Tue May 31 00:00:00 EDT 2016,ISPN-6716 Overlapping logging ids in serveral modules: object-filter  remote-query-server * Update docs regarding used logging id ranges ,nonref,nonref
9299bfa935ca9c0c3178f323da57de7b83243c42,Fri May 20 00:00:00 EDT 2016,ISPN-6542 Subclasses of AbstractWriteKeyCommand don't marshal the Params params field * cache enum values * replaced externalizer with static methods ,ref,Move Method
0e58f7ee2419390a8c901883425bb6503bbb5b36,Thu May 19 00:00:00 EDT 2016,ISPN-6542 Subclasses of AbstractWriteKeyCommand don't marshal the Params params field * provide AdvancedExternalizer for Params  and use this in all commands * pass params to all write/read-write functional commands * don't ignore some commands in CacheWriterInterceptor * add Dummy store to functional API tests ,ref,Extract Method
75c066a1ddd382aa28ae75d56e7712bd09e37126,Wed May 18 00:00:00 EDT 2016,Remove unused type params ,nonref,nonref
d1f10ded85c913cd639e65eb69d0bf7b929835fa,Tue May 17 00:00:00 EDT 2016,Documentation: WidlFly references - Refer to WidlFly instead of JBoss AS - Do not mention the Infinispan subsystem ,nonref,nonref
e5027823dc65a63b3170a38238373476e1abf3ec,Mon May 16 00:00:00 EDT 2016,Infinispan Management Console 9.0.0.Alpha2 ,nonref,nonref
22a3cae6af67c6a2ae0b9a9aef87373f0f5c6350,Mon May 16 00:00:00 EDT 2016,ISPN-6551 - Port some tests for Remote Server Task execution to domain mode ,nonref,nonref
1d8741d38ac65a9ba830568dc3b042dc2a1e9471,Mon May 16 00:00:00 EDT 2016,ISPN-6612 Rename internal Hibernate Search directory provider slot ,nonref,nonref
4369ee8dc616ce3333d6ac0930b33a469d65248f,Mon May 16 00:00:00 EDT 2016,ISPN-6623 Fix leaking Hot Rod servers in tests ,ref,Rename Method
42497a6be4a19e01dc55070c2353bdd34e78d697,Mon May 16 00:00:00 EDT 2016,ISPN-6623 Stop executor from context handler when server is stopped ,nonref,nonref
bbe4f1f504d0b0f44127446113ffac08ba4d6a6b,Mon May 16 00:00:00 EDT 2016,Remove unneeded code ,nonref,nonref
62c4135b0739fe41e1ee1944f40426bfd3c3ad24,Mon May 16 00:00:00 EDT 2016,Apply Java 8 syntax ,nonref,nonref
98ca663c541399807679f06b99d11a4e2fa325bb,Mon May 16 00:00:00 EDT 2016,ISPN-6599 Allow null cache topologies in status responses If LocalTopologyManagerImpl receives a status request while it's waiting for a join response  it should re-send the join request. ,nonref,nonref
f1d3f1a5e606299231db9f51db8b41b87777341c,Tue May 10 00:00:00 EDT 2016,Fix test name ,nonref,nonref
100d18ffebc7581d656ddf59567d24b9d9b691b6,Tue May 10 00:00:00 EDT 2016,Remove unused imports ,nonref,nonref
6ec421d141cbb75665d36cb755185f41c1a381b6,Tue May 10 00:00:00 EDT 2016,ISPN-6589 ProtobufIndexedFieldProvider may mistakenly report nested fields as unindexed ,nonref,nonref
1457086af75ad509a4e2d0f07c6772ef6bf1c25f,Tue May 10 00:00:00 EDT 2016,Fix test name ,nonref,nonref
afb327a9776ed4bb785eec7b5a659839604fd160,Tue May 10 00:00:00 EDT 2016,Fix some generics related warnings ,nonref,nonref
3488a6a515b02298d4e164306841cccd2e713c66,Mon May 02 00:00:00 EDT 2016,ISPN-5354 HotRod putAll/getAll send proper CH routing * Current implementation uses a dedicated ExecutorService * New ExecutorService parameters are duplicated from existing async pool * Remove dedicated parallelExecutorService and use existing asyncExecutorService ,ref,Extract Method
e27498939aa7c4186beb8fbb42481ab3b135e4a7,Mon May 02 00:00:00 EDT 2016,ISPN-6071 NullPointerException when executing RemoveExpiredCommand * Fixed parameter serialization issue ,ref,Extract Method
e8ee4cb2a40a27561a372f659f24022fc83c73bc,Mon May 02 00:00:00 EDT 2016,ISPN-6578 Add named param perf test ,ref,Add Parameter
a99ef54a55e74a2cfb2270e13454da3b15685e3f,Mon May 02 00:00:00 EDT 2016,ISPN-6578 Add named param perf test * also add clear method for QueryCache ,ref,Add Parameter
517d36506be4113074ec815f5aa2482073e767c2,Mon May 02 00:00:00 EDT 2016,Initialisation of arrays of literals should use the simplified syntax ,nonref,nonref
5c6a252cebb4ee8aa317c6793c4d8c8a81b4927e,Mon May 02 00:00:00 EDT 2016,ISPN-6567 Add --help argument to server CLI commands ,ref,Add Parameter
a6e8128d223a06388b2bc74b2d3da23a3c10b4b3,Mon May 02 00:00:00 EDT 2016,ISPN-6565 Add remove command to server CLI ,nonref,nonref
67f482194f89d660a34febea2ee0c211a60ef258,Thu Apr 28 00:00:00 EDT 2016,ISPN-6545 Avoid leaking HR server req details ,nonref,nonref
7b6d1d4517c17ae48d9232138555a733489c831c,Thu Apr 28 00:00:00 EDT 2016,ISPN-5342 Refactor Hot Rod server code ,ref,Rename Method
406693ec36e423372761e61c92e7402668a928cd,Fri Apr 15 00:00:00 EDT 2016,ISPN-5481 ConfigurationOverrideTest random failures Enable globalJmxStatistics.allowDuplicates in tests that create cache managers without TestCacheManagerFactory. ,nonref,nonref
dd0478017269ae5056fd308a4a3581556111b4f4,Fri Apr 15 00:00:00 EDT 2016,ISPN-6497 Allow keystore and cert. private key passwds to be different ,ref,Extract Method
514b6d819d0351bd32b896a5a953f3eb7b3df91a,Thu Apr 07 00:00:00 EDT 2016,ISPN-3351 Add a global checksum to the ScopedPersistentState ,nonref,nonref
b4548801716b39073fce38e40e935ba61a7f20f1,Thu Apr 07 00:00:00 EDT 2016,ISPN-3351 Retrieval of optional components from the registry,nonref,nonref
b1331f12532deb487ebe7eb17aaeba80799874b8,Thu Apr 07 00:00:00 EDT 2016,ISPN-6469 EventLog minor fixes * Added missing message id * Set scope in the messages ,ref,Add Parameter
ab2df7d1062e7291d50261deb75ba47b74ab605d,Thu Apr 07 00:00:00 EDT 2016,ISPN-6469 EventLog minor fixes * Added missing message id * Set scope in the messages ,ref,Add Parameter
6cd7f7f315b21b0df4d1debdc9a439022aedec83,Wed Apr 06 00:00:00 EDT 2016,Re-enable working tests ,nonref,nonref
7fa26cef1c9189c36da7694fb3f0ff0acf3bfd82,Tue Mar 15 00:00:00 EDT 2016,ISPN-6372 Remove deprecatd ReplicableCommand.get/SetParameters ,ref,Extract Method
f4bc1b8fd26dbe7e6876fb0a05d8353d1485f3cf,Tue Mar 15 00:00:00 EDT 2016,ISPN-5507 Shutdown shouldn't wait for remote transactions ,ref,Extract Method
3fee581220090f562065b6338207ba348127a2ce,Tue Mar 15 00:00:00 EDT 2016,ISPN-6341 StateTransferManager should be the first component to stop ,nonref,nonref
3013c1a1c7acfef329211e3daf2c424d896d8d4a,Tue Mar 15 00:00:00 EDT 2016,ISPN-6302 -  DistributedServerTaskDeploymentIT fails ,nonref,nonref
4d998ab509f948a2081a77b8f2f845bdb8f0d0e5,Mon Mar 14 00:00:00 EDT 2016,ISPN-6358 Remove filterEntries method from AdvancedCache ,ref,Rename Class
53a8689cfea68f7ddf0250697b3fa8d36587b4ac,Mon Mar 14 00:00:00 EDT 2016,ISPN-6118 CacheNotifierImplInitialTransferDistTest random failures Generate many more keys to make sure we get one with the right owners. ,ref,Extract Method
3484892bd7d74c2b0685ac845e1c6414906b5042,Fri Mar 11 00:00:00 EST 2016,ISPN-6357 Deadlock during server start * Fix cluster recovery when a ForkChannel is missing * Log more info when the cluster recovery fails * Test startup with ForkChannels ,ref,Move Class
12960791f573fd0a4db996aa587176f026b9f5e2,Fri Mar 11 00:00:00 EST 2016,ISPN-6357 Deadlock during server start * Fix cluster recovery when a ForkChannel is missing * Log more info when the cluster recovery fails * Test startup with ForkChannels ,ref,Move Class
d7a906cb9b389c379e546eed62a411d3577fa6b1,Fri Mar 11 00:00:00 EST 2016,ISPN-6362 ReflectionPropertyHelper cleanup ,nonref,nonref
5fa92f77962d93d0f65047ae5a76fe9ff6b00230,Fri Mar 11 00:00:00 EST 2016,ISPN-6362 Infinispan Query DSL parser failure with inheritance * Java 8 marks inherited or interface methods as synthetic bridge so it is best not too try to filter generated methods out of the search ,nonref,nonref
a6a808c261d1a1a6b2bb3b6f63c8786fbce75803,Fri Mar 11 00:00:00 EST 2016,ISPN-6043 Log the stacktrace if a listener fails ,nonref,nonref
7a5c883836dde3249588b3ed81a4179e2a4591d2,Fri Mar 11 00:00:00 EST 2016,ISPN-6367 Workaround for classloading issue in HR client tests Allows running the test with EAP modules. ,nonref,nonref
bcd1db1060ec3d2ad47022dbf621f6d1b93f56e3,Fri Mar 11 00:00:00 EST 2016,ISPN-6352 ClusterExecutor.submitConsumer swallows exceptions thrown by the consumer * Make sure we don't set timeout for test ,nonref,nonref
73547485ff5d1b7359aaef0eb9ac74f3a313af7b,Fri Mar 11 00:00:00 EST 2016,ISPN-6352 ClusterExecutor.submitConsumer swallows exceptions thrown by the consumer * Make sure we don't set timeout for test ,nonref,nonref
cf1b4ec7dddb965a37cf78aa3cd4a99397050459,Thu Mar 10 00:00:00 EST 2016,ISPN-6353 REST service fails to start during remote query server integration tests * define rest cache to avoid being created based on the default config (which would fail due to classloading of InfinispanIndexManager) * create memcachedCache were it was missing to avoid errors when trying to start memcached connector * remove module attribute from cache definitions that do not need it ,nonref,nonref
8209d46610d5512991b003bcc5a5776ddfd1fea4,Thu Mar 10 00:00:00 EST 2016,ISPN-6352 ClusterExecutor.submitConsumer swallows exceptions thrown by the consumer * Fixed exception handling for submitConsumer method ,nonref,nonref
b9ec5d35ee253e4363d9e7b31a8fd342a27a6890,Thu Mar 10 00:00:00 EST 2016,ISPN-6352 ClusterExecutor.submitConsumer swallows exceptions thrown by the consumer * Fixed exception handling for submitConsumer method ,nonref,nonref
693d0aea9cd889345594da04dcc20f1674d3ed6a,Thu Mar 10 00:00:00 EST 2016,ISPN-6361 ClusteredCacheConfigurationIT.testQueueFlushIntervalMemcached random failures ,nonref,nonref
74acd6739d31ac3419c2170e25c15eb1fcb8cb4f,Thu Mar 10 00:00:00 EST 2016,ISPN-6361 ClusteredCacheConfigurationIT.testQueueFlushIntervalMemcached random failures ,nonref,nonref
f8ae96c7d5ca972dee6e99a527ccde1632530239,Tue Mar 08 00:00:00 EST 2016,ISPN-6306 Distributed Streams should also be used for Replication Cache * Fixed issue with filterBySegment / REPL cache and failover ,nonref,nonref
8c4d86ee236e811ccacf84fdfad16bce4e95bce6,Tue Mar 08 00:00:00 EST 2016,Fix clustered memcached docs ,nonref,nonref
0c587da418ee22969342c98dc66a05fa2cf93ec0,Tue Mar 08 00:00:00 EST 2016,ISPN-6324 Remove ClusterCacheLoader example from server ,nonref,nonref
f2291c6245bb6a167ac3e0e0f695d26a014fb063,Mon Mar 07 00:00:00 EST 2016,Remove unnecessary casts ,nonref,nonref
8798d63dbe4e216e126a6c57f2bfa0540fbf2ece,Mon Mar 07 00:00:00 EST 2016,ISPN-6312 Upgrade to protostream 3.0.5.Final ,nonref,nonref
cd23db556819de862b4167df1733f6c57480f955,Mon Mar 07 00:00:00 EST 2016,ISPN-6315 Add test for remote query using the client as-modules with annotation based protostream marshallers ,nonref,nonref
7cb233862ef64d3417ef2c6bd10e35224e8ac4e2,Mon Mar 07 00:00:00 EST 2016,ISPN-6277 NullPointerException in InitialClusterSizeTest * Stop handling private caches specially in DefaultCacheManager.stop() * Add dependency from any secure cache to the ACL cache when in use. ,ref,Extract Method
d84d93c9f4f733c04a57fea15f9df070edf0332b,Mon Mar 07 00:00:00 EST 2016,ISPN-6277 NullPointerException in ParserOverrideTest  XmlFileParsingTest ClusterTopologyManagerImpl's view handlers can be running in parallel with JGroupsTransport.stop()  so we cannot avoid the NPE completely. We can however skip logging the exception during shutdown. ,nonref,nonref
0c9906f1829160a91abbd05118bb6ffd7d69cd5a,Mon Mar 07 00:00:00 EST 2016,ISPN-6277 NullPointerException in CacheManagerTest Introduce a TestException specifically for tests ,nonref,nonref
95e16bb6c6cf7775664e3c05a2bd6eb35b66084d,Mon Mar 07 00:00:00 EST 2016,"ISPN-6301 Server configurations should be ""templates"" by default ",nonref,nonref
b04fd402541e9a26fa7f400450dfa81422cacb26,Mon Mar 07 00:00:00 EST 2016,ISPN-6308 Stream iterator method can fail sometimes with a node failure * Fixed bug introduced by ISPN-6127 * LocalStreamManager stored id only now the id also has node name ,nonref,nonref
39d952c11c8a29c8c195554dca8e457af5f5f2bb,Mon Mar 07 00:00:00 EST 2016,ISPN-6326 Make task execution log to the event log only if requested ,nonref,nonref
b6dd9173ef5e1874852e8fddf01be097a66ba41e,Mon Mar 07 00:00:00 EST 2016,ISPN-6317 ClearCommand NPE in NonTxStateTransferOverwritingValue2Test ,nonref,nonref
5ef968448fbdc6f272a4f82866fe0116842aee87,Mon Mar 07 00:00:00 EST 2016,ISPN-6327 InboundTransferTask erroneously log CacheException for successful responses ,nonref,nonref
f4d4854c22517da2cda80c2794cd7598578e463d,Sun Mar 06 00:00:00 EST 2016,Remove unnecessary casts ,nonref,nonref
491042bc064a01a232202c2745be3dfddfd0aa8e,Sun Mar 06 00:00:00 EST 2016,ISPN-6312 Upgrade to protostream 3.0.5.Final ,nonref,nonref
702a9a06ec89a1e1969c9819e34c7e004ed0b0c2,Sun Mar 06 00:00:00 EST 2016,ISPN-6315 Add test for remote query using the client as-modules with annotation based protostream marshallers ,nonref,nonref
407b1ded9bf2e9ec9cd68cd1d8e7310be8259097,Fri Mar 04 00:00:00 EST 2016,ISPN-6173 - Disabling a few tests until the bug is fixed. ,nonref,nonref
00daf2a4599d7b3a37490c4a5fd21ed8f1a85131,Fri Mar 04 00:00:00 EST 2016,ISPN-6314 Fix the log message id and add more info ,nonref,nonref
dfbe675863b3aecb733fbaa8d89f33c3182d8d31,Fri Mar 04 00:00:00 EST 2016,ISPN-4952 Add back in calls to NDC to push the cache name * JBLOGGING-106 was fixed * We have moved to Log4j2 ,nonref,nonref
fe631af1421e3a44e772a0ca7d2e7d25b6c991c4,Thu Mar 03 00:00:00 EST 2016,ISPN-6307 Add datatype script parameter * Datatype script metadata parameter is designed for remote clients   working purely with data in a particular format  e.g. JS clients   with UTF-8 Strings. ,ref,Add Parameter
ceccc825267de754c0028b9dc52c4ffbf2250fe1,Thu Mar 03 00:00:00 EST 2016,ISPN-6078 Clustered events collector ,nonref,nonref
5ce20cf708c702e10c109ef3230a7c8b088c1f89,Thu Mar 03 00:00:00 EST 2016,ISPN-6302 Ignore DistributedServerTaskDeploymentIT ,nonref,nonref
f76fbe7be59ddf8a0a5d5fd0ac5e9c057730a017,Thu Mar 03 00:00:00 EST 2016,ISPN-6311 - ExecTest.testRemoteMapReduceWithStreams test is  failing Disabled as the test depends on bug ISPN-6173 ,nonref,nonref
a0023a92d572c8caae9ff1f12fb4f74c6d475e19,Tue Mar 01 00:00:00 EST 2016,ISPN-6233 JGroupsTransport setName() on connected channel ,nonref,nonref
1d2891ae6913179fe3e824df2d2e78ac99ddba39,Tue Mar 01 00:00:00 EST 2016,ISPN-6210 Make the ScriptingManager use an unwrapped cache when security is enabled ,nonref,nonref
e2c91da0c8ebb18f7a0347e63834ba983a663dcf,Tue Mar 01 00:00:00 EST 2016,Console 8.2.0.CR2 ,nonref,nonref
6344f2f162b5f3360ab7983c04472f98052de2de,Tue Mar 01 00:00:00 EST 2016,Upgrade the console to 8.2.0.CR1 ,nonref,nonref
b72dcf4bc774ac033aca83010249bb2ad6a32814,Mon Feb 29 00:00:00 EST 2016,ISPN-6259 Fix tests which assume that defining a configuration means starting a cache ,nonref,nonref
eb7b8e23d5e1e3b3cf325e4fa4464e5905f9ec74,Mon Feb 29 00:00:00 EST 2016,ISPN-6234 Workaround to avoid sending keys after a segment is notified as complete ,nonref,nonref
c36202a97bb7f23d29b681e85db0760cab0f829a,Mon Feb 29 00:00:00 EST 2016,ISPN-6234 Avoid sending repeated completed segments ,nonref,nonref
4a35e71e943a1609214ea0e84a36df9ea66c88a6,Mon Feb 29 00:00:00 EST 2016,ISPN-6234 Organize Imports ,nonref,nonref
0bce2c271aaf496b2e9deba94584d58c6bd73855,Mon Feb 29 00:00:00 EST 2016,ISPN-6227 ContinuousQueryMultipleCachesDistTest fails randomly ,nonref,nonref
36a5126b11d017573871c39a76214345af897655,Mon Feb 29 00:00:00 EST 2016,ISPN-6227 ContinuousQueryMultipleCachesDistTest fails randomly ,nonref,nonref
c05d02379fab69b3de390fa6e82dba0879f4e975,Mon Feb 29 00:00:00 EST 2016,Remove unused imports ,nonref,nonref
b41d3b009490e8e567282d0509dae7d1da2157cb,Mon Feb 29 00:00:00 EST 2016,ISPN-6290 Upgrade to Log4j2 2.5 ,nonref,nonref
9105901ea0c79aae41ddb6dd7c6b648ef80217ee,Mon Feb 29 00:00:00 EST 2016,ISPN-6286 Component registry should not allow registration during shutdown ,nonref,nonref
2aa467603192617ca75e3ad42ccd05d39c512942,Mon Feb 29 00:00:00 EST 2016,JBQA-12631 - Create tests for Remote Script Execution ,nonref,nonref
681be28e77598b24b790f9afe811de24b2dfa062,Mon Feb 29 00:00:00 EST 2016,ISPN-6258 Avoid NPE when subject has no principals ,nonref,nonref
39dda12d17b9ef3048680ab1a91b08ba830c4ffa,Mon Feb 29 00:00:00 EST 2016,ISPN-6278 Update ISPN server security documentation ,nonref,nonref
73148687cb39b80d52611a4649190c6663c8b172,Mon Feb 29 00:00:00 EST 2016,ISPN-6288 Tests expecting a TimeoutException should use shorter timeouts ,nonref,nonref
1d5f6af5173a5d684cfca20adebc97fc6f074ec3,Mon Feb 29 00:00:00 EST 2016,ISPN-6247 Speed up DistWriteSkewTest and its subclasses Remove the @CleanupAfterMethod annotation from DistWriteSkewTest and subclasses ,nonref,nonref
0e4dc75c6237450e255e90a74589e8a74548a89d,Mon Feb 29 00:00:00 EST 2016,ISPN-6246 - Create tests for Remote Script Execution ,ref,Move Class
70e4250deca2d9830a882b4c986321f0efa6cc21,Mon Feb 29 00:00:00 EST 2016,ISPN-6269 Avoid security exception during startup of REST server ,nonref,nonref
d7fd5118e42ea8806f3ed197ef91a5dd4fe10600,Thu Feb 25 00:00:00 EST 2016,ISPN-6271 Stream filterKeys reads keys not owned remotely when it shouldn't * Make sure key filter uses local cache to look up on each node ,nonref,nonref
afc097bb2bab10859535aa0a491b2adf026682e8,Thu Feb 25 00:00:00 EST 2016,ISPN-6268 Deployed task is logged as Cache Store ,nonref,nonref
89379b5678471d10ed9b6d9991d1dcb17119af10,Thu Feb 25 00:00:00 EST 2016,ISPN-6262 Fixed parallel builds ,nonref,nonref
38536cce8b163c937762c7ea62442b4ad42e7e3d,Fri Apr 28 00:00:00 EDT 2017,ISPN-5021 Synchronization cleanup ,nonref,nonref